name,maker,concentration,tier,status,notes_raw,longevity_hours,sillage,projection,perfumer,overall_rating,launch_year,scraped_url,url_status,seasons,time,top_notes,heart_notes,base_notes,note,fragram,fragrantica_id
Philosykos,Diptyque,EDP,Niche & Artisan,In Collection,,6.0,3.0,Moderate,Olivia Giacobetti,4.4,2012,https://www.fragrantica.com/perfume/Diptyque/Philosykos-Eau-de-Parfum-2012-56405.html,verified,Spring|Summer,Day,Fig leaf|Fig,Fig tree,Woody notes|Black pepper,Original launch 1993; 2012 is the EDP/reformulation year.,https://fimgs.net/mdimg/perfume-social-cards/en-p_c_56405.jpeg,56405.0
Tony Iommi Monkey Special,Xerjoff,Parfum,Niche & Artisan,In Collection,,7.0,5.0,Enormous,Chris Maurice,4.3,2021,https://www.fragrantica.com/perfume/Xerjoff/Tony-Iommi-Monkey-Special-70789.html,verified,Fall|Winter,Night,Rum|Passionfruit|Geranium|Bergamot,Singapore patchouli|Cinnamon|Leather|Bulgarian Rose,Caramel|Vanilla|Tonka bean|Sandalwood|Labdanum|Musk|Ambergris,,https://fimgs.net/mdimg/perfume-social-cards/en-p_c_70789.jpeg,70789.0
Torino 21,Xerjoff,EDP,Niche & Artisan,In Collection,,8.0,4.0,Strong,Christian (in-house),4.6,2021,https://www.fragrantica.com/perfume/Xerjoff/Torino21-70424.html,verified,Spring|Summer,Day,Mint|Lemon|Basil|Thyme,Blackcurrant|Lavender|Rosemary|Jasmine,Musk|Lemon verbena,,https://fimgs.net/mdimg/perfume-social-cards/en-p_c_70424.jpeg,70424.0
Bois Impérial Extrait,Essential Parfums,Extrait,Niche & Artisan,In Collection,,10.0,5.0,Enormous,Quentin Bisch,4.6,2024,https://www.fragrantica.com/perfume/Essential-Parfums/Bois-Imperial-Extrait-97259.html,verified,Fall|Winter,Night,Pink pepper|Black pepper,Rose,Balsam fir|Atlas cedar|Labdanum,,https://fimgs.net/mdimg/perfume-social-cards/en-p_c_97259.jpeg,97259.0
Bois Impérial,Essential Parfums,EDP,Niche & Artisan,In Collection,,8.0,4.0,Strong,Quentin Bisch,4.5,2020,https://www.fragrantica.com/perfume/Essential-Parfums/Bois-Imperial-64338.html,verified,All,Flexible,Thai basil|Timut pepper|Grapefruit,Akigalawood|Vetiver|Petalia,Georgywood|Indonesian patchouli|Ambrofix,,https://fimgs.net/mdimg/perfume-social-cards/en-p_c_64338.jpeg,64338.0
Santal 33,Le Labo,EDP,Niche & Artisan,In Collection,,9.0,4.0,Strong,Frank Voelkl,4.4,2011,https://www.fragrantica.com/perfume/Le-Labo/Santal-33-12201.html,verified,All,Flexible,Cardamom,Iris|Violet|Papyrus,Sandalwood|Virginia cedar|Leather|Amber,,https://fimgs.net/mdimg/perfume-social-cards/en-p_c_12201.jpeg,12201.0
Montabaco Intensivo,Ormonde Jayne,EDP,Niche & Artisan,In Collection,,8.0,4.0,Strong,Geza Schoen,4.5,2013,https://www.fragrantica.com/perfume/Ormonde-Jayne/4-Montabaco-Intensivo-67775.html,verified,All,Flexible,Mountain air|Orange oil|Bergamot|Juniper|Cardamom|Clary sage,Tea|Hedione|Violet|Rose|Magnolia,Tobacco|Iso E Super|Oakmoss|Suede|Ambergris|Sandalwood|Tonka bean,,https://fimgs.net/mdimg/perfume-social-cards/en-p_c_67775.jpeg,67775.0
Opus XIV Royal Tobacco,Amouage,Extrait,Niche & Artisan,In Collection,,12.0,5.0,Enormous,Cécile Zarokian,4.7,2022,https://www.fragrantica.com/perfume/Amouage/Opus-XIV-Royal-Tobacco-75064.html,verified,Fall|Winter,Night,Olibanum|Anise|Elemi resin|Cardamom|Basil|Bergamot,Tobacco|Licorice|Fenugreek|Lavender|Osmanthus|Orange blossom|Rose,Olibanum|Myrrh|Bourbon vanilla|Birch tar|Benzoin|Agarwood (oud)|Peru balsam|Labdanum|Guaiac wood|Tonka bean|Vetiver|Musk,,https://fimgs.net/mdimg/perfume-social-cards/en-p_c_75064.jpeg,75064.0
Reflection 45 Man,Amouage,Extrait,Niche & Artisan,In Collection,,14.0,5.0,Enormous,Lucas Sieuzac,4.8,2021,https://www.fragrantica.com/perfume/Amouage/Reflection-45-Extrait-69488.html,verified,All,Flexible,Lavender|Juniper berries|Cardamom|Clary sage|Benzoin|Pink pepper,Iris|Jasmine|Neroli|Angelica|Tonka bean|Vanilla,Olibanum|Cedar|Sandalwood|Vetiver|Patchouli|Myrrh|Opoponax,,https://fimgs.net/mdimg/perfume-social-cards/en-p_c_69488.jpeg,69488.0
Arso,Profumum Roma,EDP,Niche & Artisan,In Collection,,10.0,4.0,Strong,Unknown (house),4.5,2010,https://www.fragrantica.com/perfume/Profumum-Roma/Arso-11700.html,verified,Fall|Winter,Night,Pine|Resin|Cardamom,Virginia cedar|Incense,Smoke|Leather,,https://fimgs.net/mdimg/perfume-social-cards/en-p_c_11700.jpeg,11700.0
Au Coeur du Désert,Tauer Perfumes,Extrait,Niche & Artisan,In Collection,,9.0,4.0,Strong,Andy Tauer,4.6,2016,https://www.fragrantica.com/perfume/Tauer-Perfumes/Au-Coeur-du-Desert-41053.html,verified,Fall|Winter,Night,Coriander|Cumin|Petitgrain,Rock rose|Jasmine|Lavender|Birch|Geranium,Cedar|Vetiver|Ambergris|Patchouli|Labdanum,,https://fimgs.net/mdimg/perfume-social-cards/en-p_c_41053.jpeg,41053.0
Oud Maracujá,Maison Crivelli,Extrait,Niche & Artisan,In Collection,,8.0,4.0,Strong,Jordi Fernández,4.4,2023,https://www.fragrantica.com/perfume/Maison-Crivelli/Oud-Maracuja-83842.html,verified,Fall|Winter,Night,Passionfruit (Maracuja)|Saffron|Turkish rose,Oud|Benzoin|Indonesian patchouli,Leather|Akigalawood|Amber|Vanilla|Labdanum,extrait de parfum (32%),https://fimgs.net/mdimg/perfume-social-cards/en-p_c_83842.jpeg,83842.0
L'Air du Désert Marocain,Tauer Perfumes,EDP,Niche & Artisan,In Collection,,10.0,4.0,Strong,Andy Tauer,4.7,2005,https://www.fragrantica.com/perfume/Tauer-Perfumes/L-Air-du-Desert-Marocain-4573.html,verified,Spring|Fall|Winter,Flexible,Coriander|Cumin|Petitgrain|Lavender,Labdanum|Birch|Jasmine|Geranium,Amber|Cedar|Vetiver|Patchouli|Oakmoss,,https://fimgs.net/mdimg/perfume-social-cards/en-p_c_4573.jpeg,4573.0
Le Sel d'Issey EDP,Issey Miyake,EDP,Designer & Prestige,In Collection,,6.0,3.0,Moderate,Quentin Bisch,4.1,2025,https://www.fragrantica.com/perfume/Issey-Miyake/Le-Sel-D-Issey-Eau-de-Parfum-106577.html,verified,Spring|Summer,Day,Sea salt|Seaweed,Incense,Cedarwood|Amber,Distinct EDT also exists; EDP contains incense in the heart.,https://fimgs.net/mdimg/perfume-social-cards/en-p_c_106577.jpeg,106577.0
Le Sel d'Issey EDT,Issey Miyake,EDT,Designer & Prestige,In Collection,,4.0,2.0,Soft,Quentin Bisch,3.9,2024,https://www.fragrantica.com/perfume/Issey-Miyake/Le-Sel-d-Issey-95642.html,verified,Summer,Day,Sea salt|Ginger,Seaweed|Vetiver,Cedarwood|Oakmoss,Distinct from the EDP (2025/ID 106577); EDP version contains incense.,https://fimgs.net/mdimg/perfume-social-cards/en-p_c_95642.jpeg,95642.0
Seductive Homme,Guess,EDT,Designer & Prestige,In Collection,,4.0,2.0,Soft,Unknown,3.8,2011,https://www.fragrantica.com/perfume/Guess/Guess-Seductive-Homme-12953.html,verified,Fall|Winter,Night,Pink pepper|Mandarin orange|Cardamom,Orchid|Violet leaf|Vetiver,Amber|Sandalwood|Patchouli|Musk,,https://fimgs.net/mdimg/perfume-social-cards/en-p_c_12953.jpeg,12953.0
Seductive Homme Blue,Guess,EDT,Designer & Prestige,In Collection,,4.0,2.0,Soft,Guillaume Flavigny,3.8,2012,https://www.fragrantica.com/perfume/Guess/Guess-Seductive-Homme-Blue-15564.html,verified,Summer,Day,Lemon|Bergamot|Marine accord,Jasmine|Lavender|Cardamom,White musk|Cedar|Suede,,https://fimgs.net/mdimg/perfume-social-cards/en-p_c_15564.jpeg,15564.0
Blue Label Pour Homme,Romeo Ricci,EDP,Classic & Contemporary,In Collection,,7.0,3.0,Moderate,Unknown [UNVERIFIED],4.0 [UNVERIFIED],2017 [UNVERIFIED],,unverified,Spring|Summer,Day,Bergamot|Grapefruit|Pink pepper,Jasmine|Iris|Cedar,Amber|Musk|Vetiver,"No Fragrantica page found under Romeo Ricci/Blue Label. launch_year (2017), perfumer (Unknown), and overall_rating (4.0) are UNVERIFIED. notes_raw: notes, year, rating unverified.",,
Obsession Night for Men,Calvin Klein,EDT,Designer & Prestige,In Collection,,5.0,2.0,Soft,Unknown,4.0,2005,https://www.fragrantica.com/perfume/Calvin-Klein/Obsession-Night-for-Men-251.html,verified,Fall|Winter,Night,Pear|Cardamom|Artemisia|Grapefruit,Nutmeg|Musk,Vanilla|Patchouli|Vetiver,FLAG: Calvin Klein Obsession Night was originally marketed to women; verify this SKU is the men's version.,https://fimgs.net/mdimg/perfume-social-cards/en-p_c_251.jpeg,251.0
Givenchy Gentleman,Givenchy,EDT,Designer & Prestige,In Collection,,5.0,2.0,Soft,Paul Leger,4.0,1974,https://www.fragrantica.com/perfume/Givenchy/Gentleman-1974-2965.html,verified,All,Flexible,Honey|Rose|Cinnamon|Tarragon|Bergamot|Lemon,Patchouli|Cedar|Orris|Jasmine,Patchouli|Leather|Civet|Oakmoss|Vetiver|Musk|Amber|Vanilla,,https://fimgs.net/mdimg/perfume-social-cards/en-p_c_2965.jpeg,2965.0
Desire Blue,Alfred Dunhill,EDT,Designer & Prestige,In Collection,,6.0,3.0,Moderate,Philippe Romano,3.9,2002,https://www.fragrantica.com/perfume/Alfred-Dunhill/Desire-Blue-1937.html,verified,Spring|Summer,Day,Litchi|Mandarin orange|Lotus|Bergamot,Sea notes|Orange|Brazilian rosewood,Tonka bean|Musk|Amber|Benzoin,,https://fimgs.net/mdimg/perfume-social-cards/en-p_c_1937.jpeg,1937.0
Desire (Red),Alfred Dunhill,EDT,Designer & Prestige,In Collection,,6.0,3.0,Moderate,Michel Almairac,4.1,2000,https://www.fragrantica.com/perfume/Alfred-Dunhill/Desire-for-a-Man-1934.html,verified,Fall|Winter,Flexible,Apple|Lemon|Bergamot|Orange blossom,Rose|Teak wood|Patchouli,Vanilla|Musk,,https://fimgs.net/mdimg/perfume-social-cards/en-p_c_1934.jpeg,1934.0
Joop! Homme,Joop!,EDT,Designer & Prestige,In Collection,,7.0,4.0,Strong,Michel Almairac,4.3,1989,https://www.fragrantica.com/perfume/Joop/Joop-Homme-1251.html,verified,Fall|Winter,Night,Orange blossom|Mandarin orange|Bergamot|Amalfi lemon,Cinnamon|Heliotrope|Jasmine|Cardamom|Lily of the valley,Vanilla|Tonka bean|Sandalwood|Patchouli|Honey|Tobacco|Vetiver,,https://fimgs.net/mdimg/perfume-social-cards/en-p_c_1251.jpeg,1251.0
Burberry Brit for Men,Burberry,EDT,Designer & Prestige,In Collection,,5.0,2.0,Soft,Antoine Maisondieu,4.0,2004,https://www.fragrantica.com/perfume/Burberry/Burberry-Brit-for-Men-1115.html,verified,All,Flexible,Ginger|Cardamom|Bergamot|Green mandarin,Wild rose|Nutmeg|Cedar|Spicy notes,Tonka bean|Gray musk|Cedar|Oriental woody notes|Patchouli,,https://fimgs.net/mdimg/perfume-social-cards/en-p_c_1115.jpeg,1115.0
Presence Cool,Montblanc,EDT,Designer & Prestige,In Collection,,4.0,2.0,Soft,Unknown,3.8,2002,https://www.fragrantica.com/perfume/Montblanc/Presence-Cool-9508.html,verified,Summer,Day,Bamboo|Bergamot|Granny Smith apple,Geranium|Jasmine,Musk|Sandalwood|Patchouli|Amber|Tonka bean,,https://fimgs.net/mdimg/perfume-social-cards/en-p_c_9508.jpeg,9508.0
MYSLF,Yves Saint Laurent,EDP,Designer & Prestige,In Collection,,7.0,3.0,Moderate,"Christophe Raynaud, Antoine Maisondieu, Daniela Andrier",4.3,2023,https://www.fragrantica.com/perfume/Yves-Saint-Laurent/MYSLF-Eau-de-Parfum-84094.html,verified,All,Flexible,Calabrian bergamot|Orange blossom,Tunisian orange blossom,Ambrofix|Patchouli,Perfumers confirmed; pyramid simplified on Fragrantica — verify full note breakdown.,https://fimgs.net/mdimg/perfume-social-cards/en-p_c_84094.jpeg,84094.0
Y,Yves Saint Laurent,EDP,Designer & Prestige,In Collection,,8.0,4.0,Strong,Quentin Bisch,4.5,2018,https://www.fragrantica.com/perfume/Yves-Saint-Laurent/Y-Eau-de-Parfum-50757.html,verified,All,Flexible,Bergamot|Ginger|Citron,Lavender|Sage|Cedar,Amber|Musk|Vetiver,,https://fimgs.net/mdimg/perfume-social-cards/en-p_c_50757.jpeg,50757.0
Perceval,Montagne Parfums,EDP,Clone,In Collection,Inspired by Parfums de Marly Percival,7.0,3.0,Moderate,Unknown (clone of Parfums de Marly Percival),4.2,2023,https://www.montagneparfums.com/fragrance/perceval-inspired-by-parfums-de-marly-percival,verified,Spring|Summer,Day,Lavender|Mandarin|Bergamot|Geranium,Hedione|Violet|Coriander|Jasmine|Cinnamon,Ambroxan|Amberwood|Balsam fir|Musk|Clearwood,,,
Tabac Vanille,Montagne Parfums,EDP,Clone,In Collection,Inspired by Tom Ford Tobacco Vanille,8.0,4.0,Strong,Unknown (clone of Tom Ford Tobacco Vanille),4.3,2022,https://www.montagneparfums.com/fragrance/tabac-vanille,verified,Fall|Winter,Night,Tobacco leaf|Vanilla,Spices|Honey|Cacao,Sandalwood|Tonka bean|Vetiver|Balsam,,,
Torino 2021,Montagne Parfums,EDP,Clone,In Collection,Inspired by Xerjoff Torino21,7.0,4.0,Strong,Unknown (clone of Xerjoff Torino21),4.4,2023,https://www.montagneparfums.com/fragrance/torino-2021,verified,Spring|Summer,Day,Mint|Lemon|Basil,Thyme|Rosemary|Black currant|Lavender,Musk|Lemon verbena,,,
Bora Bora for Men,Liz Claiborne,EDC,Classic & Contemporary,In Collection,,3.0,1.0,Soft,"Pascal Gaurin, Olivier Polge",3.7,2002,https://www.fragrantica.com/perfume/Liz-Claiborne/Bora-Bora-for-Men-1773.html,verified,Summer,Day,Kiwi|Lemon|Bergamot,Lavender|Hibiscus,Leather|Cedar|Musk,,https://fimgs.net/mdimg/perfume-social-cards/en-p_c_1773.jpeg,1773.0
Mambo for Men,Liz Claiborne,EDC,Classic & Contemporary,In Collection,,4.0,2.0,Soft,Carlos Benaïm,3.6,2001,https://www.fragrantica.com/perfume/Liz-Claiborne/Mambo-for-Men-4198.html,verified,All,Flexible,Lavender|Lime|Bergamot|Lemon verbena,Cedar|Cinnamon|Orange blossom|Lily of the valley|Rose|Caraway|Patchouli|Geranium,Sandalwood|Musk|Balsam fir|Patchouli,,https://fimgs.net/mdimg/perfume-social-cards/en-p_c_4198.jpeg,4198.0
Lapidus Pour Homme,Ted Lapidus,EDT,Classic & Contemporary,In Collection,,6.0,3.0,Moderate,Martin Gras,4.0,1987,https://www.fragrantica.com/perfume/Ted-Lapidus/Lapidus-Pour-Homme-5943.html,verified,Fall|Winter,Night,Pineapple|Lavender|Artemisia|Juniper berries|Basil|Lemon|Bergamot,Honey|Incense|Pine tree|Rose|Brazilian rosewood|Jasmine|Orris root|Caraway|Lily of the valley|Petitgrain,Tobacco|Patchouli|Oakmoss|Musk|Amber|Sandalwood|Tonka bean|Cedar,,https://fimgs.net/mdimg/perfume-social-cards/en-p_c_5943.jpeg,5943.0
PS Design for Men,Paul Sebastian,EDC,Classic & Contemporary,In Collection,,4.0,2.0,Soft,Unknown,3.6,1995,https://www.fragrantica.com/perfume/Paul-Sebastian/Design-for-Men-5040.html,verified,Spring|Summer,Day,Grapefruit|Berry fruits|Lavender|Oakmoss|Amber|Cedar,Rose|Lavender,Amber|Musk|Cedar,,https://fimgs.net/mdimg/perfume-social-cards/en-p_c_5040.jpeg,5040.0
Paradise for Men,Alfred Sung,EDT,Classic & Contemporary,In Collection,,4.0,2.0,Soft,David Apel,3.7,2003,https://www.fragrantica.com/perfume/Alfred-Sung/Paradise-Homme-1648.html,verified,Spring|Summer,Day,Sea notes|Papaya|Rosemary|Cardamom|Anise,Carnation|White amber,Sandalwood|Patchouli|Musk,,https://fimgs.net/mdimg/perfume-social-cards/en-p_c_1648.jpeg,1648.0
Passion for Men,Elizabeth Taylor,EDC,Classic & Contemporary,In Collection,,5.0,2.0,Moderate,Unknown,3.8,1989,https://www.fragrantica.com/perfume/Elizabeth-Taylor/Passion-for-Men-1710.html,verified,Fall|Winter,Night,Lavender|Fruity notes|Bergamot|Orange|Neroli|Galbanum|Lemon,Cinnamon|Carnation|Nutmeg|Sandalwood|Patchouli|Balsam fir|Cedar|Jasmine|Geranium,Vanilla|Tonka bean|Benzoin|Styrax|Oakmoss|Amber|Musk|Vetiver,,https://fimgs.net/mdimg/perfume-social-cards/en-p_c_1710.jpeg,1710.0
4711 Original,4711,EDC,Classic & Contemporary,In Collection,Formula dates to 1792,2.0,1.0,Soft,Unknown (historical),4.0,1792,https://www.fragrantica.com/perfume/4711/4711-Original-Eau-de-Cologne-3256.html,verified,Summer,Day,Lemon|Mandarin|Orange,Lavender|Rosemary|Thyme,Neroli|Bitter orange|Musk,Formula dates to 1792; modern reformulations differ significantly from the original.,https://fimgs.net/mdimg/perfume-social-cards/en-p_c_3256.jpeg,3256.0
Black Fleece,Brooks Brothers,EDC,Classic & Contemporary,In Collection,,3.0,2.0,Soft,Unknown,3.9,2010,https://www.fragrantica.com/perfume/Brooks-Brothers/Black-Fleece-10077.html,verified,All,Flexible,Bergamot|Grapefruit|Cardamom,Jasmine|Leather|Cedar,Amber|Musk|Oakmoss,,https://fimgs.net/mdimg/perfume-social-cards/en-p_c_10077.jpeg,10077.0
Sung Homme,Alfred Sung,EDT,Classic & Contemporary,In Collection,,4.0,2.0,Soft,Unknown,3.6,1989,https://www.fragrantica.com/perfume/Alfred-Sung/Sung-Homme-1652.html,verified,All,Flexible,Juniper berries|Bergamot|Sage|Artemisia|Caraway|Pepper|Lemon|Bay leaf|Basil|Galbanum|Petitgrain,Aldehydes|Pine tree needles|Carnation|Geranium|Spicy notes|Caraway|Jasmine|Rose,Fir|Oakmoss|Leather|Musk|Cedar|Patchouli|Vetiver|Sandalwood,,https://fimgs.net/mdimg/perfume-social-cards/en-p_c_1652.jpeg,1652.0
Fujiyama Gentleman,Succes de Paris,EDT,Classic & Contemporary,In Collection,,5.0,3.0,Moderate,Unknown,4.1,2009 [UNVERIFIED],https://www.fragrantica.com/perfume/Succes-de-Paris/Fujiyama-Gentleman-17397.html,unverified,All,Flexible,Bergamot|Lavender|Mint,Jasmine|Cedar|Musk,Vanilla|Tonka bean|Leather,Clone of JPG Le Male; Fragrantica page lists as Discontinued with no confirmed year — launch_year is estimated.,https://fimgs.net/mdimg/perfume-social-cards/en-p_c_17397.jpeg,17397.0
Gravite,Particle,EDP,Niche & Artisan,In Collection,,7.0,3.0,Moderate,Unknown,4.0,2022,https://www.fragrantica.com/perfume/Particle/Gravite-78893.html,verified,Fall|Winter,Night,Bergamot|Black pepper|Pineapple,Jasmine|Cedar|Saffron,Amber|Musk|Leather,,https://fimgs.net/mdimg/perfume-social-cards/en-p_c_78893.jpeg,78893.0
BlackSoul,Ted Lapidus,EDT,Classic & Contemporary,In Collection,,6.0,3.0,Moderate,Alexandra Carlin,4.0,2009,https://www.fragrantica.com/perfume/Ted-Lapidus/Black-Soul-6761.html,verified,Fall|Winter,Night,Bergamot|Neroli|Lemon blossom|Mint|Cardamom,Cinnamon|Saffron|Chinese cedar,Resins|Tolu balsam|Guaiac wood|Musk,,https://fimgs.net/mdimg/perfume-social-cards/en-p_c_6761.jpeg,6761.0
Star USA,John Varvatos,EDT,Classic & Contemporary,In Collection,,5.0,2.0,Moderate,Unknown,3.9,2011,https://www.fragrantica.com/perfume/John-Varvatos/Star-USA-12965.html,verified,All,Flexible,Bergamot|Bitter orange|Coriander,Jasmine|Leather|Cedar,Musk|Amber|Oud,,https://fimgs.net/mdimg/perfume-social-cards/en-p_c_12965.jpeg,12965.0
R.S.V.P.,Kenneth Cole,EDT,Classic & Contemporary,In Collection,,4.0,2.0,Soft,Unknown,3.7,2007,https://www.fragrantica.com/perfume/Kenneth-Cole/RSVP-1411.html,verified,All,Day,Bergamot|Lavender|Cardamom,Jasmine|Geranium|Cedar,Musk|Amber|Vetiver,,https://fimgs.net/mdimg/perfume-social-cards/en-p_c_1411.jpeg,1411.0
The Natural,Gap,EDT,Classic & Contemporary,In Collection,,4.0,2.0,Soft,Unknown,3.8,2007,https://www.fragrantica.com/perfume/Gap/The-Natural-4123.html,verified,Summer,Day,Bergamot|Caraway|Vetiver,Floral Notes|Thyme,Woody Notes,unisex,https://fimgs.net/mdimg/perfume-social-cards/en-p_c_4123.jpeg,4123.0
Decadence,Parlux,EDC,Classic & Contemporary,In Collection,,4.0,2.0,Soft,Unknown,3.6,1997,https://www.fragrantica.com/perfume/Parlux/Decadence-21784.html,verified,Spring|Summer,Day,Mimosa|Wormwood|Big strawberry,Anise|Peony|Violet,Musk|Cherry,,https://fimgs.net/mdimg/perfume-social-cards/en-p_c_21784.jpeg,21784.0
Encre Noire,Lalique,EDT,Designer & Prestige,In Collection,,8.0,4.0,Strong,Nathalie Lorson,4.5,2006,https://www.fragrantica.com/perfume/Lalique/Encre-Noire-1834.html,verified,Spring|Fall|Winter,Flexible,Cypress,Vetiver,Musk|Amberwood,NOTE: rated 4.5 (niche-level) but classified Designer & Prestige — tier classification debatable.,https://fimgs.net/mdimg/perfume-social-cards/en-p_c_1834.jpeg,1834.0
Tuscan Leather,Tom Ford,EDP,Designer & Prestige,In Collection,,10.0,5.0,Enormous,"Harry Frémont, Jacques Cavallier",4.6,2007,https://www.fragrantica.com/perfume/Tom-Ford/Tuscan-Leather-1849.html,verified,Fall|Winter,Night,Raspberry|Saffron|Thyme,Olibanum|Jasmine,Leather|Suede|Woody notes|Amber,,https://fimgs.net/mdimg/perfume-social-cards/en-p_c_1849.jpeg,1849.0
Mitsouko,Guerlain,EDP,Classic & Contemporary,In Collection,,8.0,4.0,Strong,Jacques Guerlain,4.7,1919,https://www.fragrantica.com/perfume/Guerlain/Mitsouko-Eau-de-Parfum-113910.html,verified,All,Flexible,Bergamot|Lemon|Mandarin,Jasmine|Rose|Ylang-ylang|Peach,Oakmoss|Ambergris|Vetiver|Tonka bean,,https://fimgs.net/mdimg/perfume-social-cards/en-p_c_113910.jpeg,113910.0
Iris Silver Mist,Serge Lutens,EDP,Niche & Artisan,In Collection,,8.0,3.0,Moderate,Maurice Roucel,4.5,1994,https://www.fragrantica.com/perfume/Serge-Lutens/Iris-Silver-Mist-1281.html,verified,Spring,Day,Iris root|Carrot seed|Pepper,Orris|Violet|Myrrh,White musk|Sandalwood|Cedar,,https://fimgs.net/mdimg/perfume-social-cards/en-p_c_1281.jpeg,1281.0
Black Orchid,Tom Ford,EDP,Designer & Prestige,In Collection,,10.0,5.0,Enormous,"David Apel, Pierre Negrin",4.5,2006,https://www.fragrantica.com/perfume/Tom-Ford/Black-Orchid-1018.html,verified,Fall|Winter,Night,Black truffle|Gardenia|Blackcurrant|Ylang-ylang|Jasmine|Bergamot|Mandarin|Lemon,Orchid|Spices|Gardenia|Fruity notes|Ylang-ylang|Jasmine|Lotus,Mexican chocolate|Patchouli|Vanilla|Incense|Amber|Sandalwood|Vetiver|White musk,NOTE: Fragrantica pyramid lists overlapping notes between tiers (Ylang-ylang, Jasmine appear in both top and heart; Gardenia in both top and heart). Pyramid simplified.,https://fimgs.net/mdimg/perfume-social-cards/en-p_c_1018.jpeg,1018.0
Fahrenheit,Dior,EDT,Designer & Prestige,In Collection,,7.0,4.0,Strong,"Jean-Louis Sieuzac, Michel Almairac, Maurice Roger",4.4,1988,https://www.fragrantica.com/perfume/Dior/Fahrenheit-228.html,verified,Fall|Winter,Night,Nutmeg|Lavender|Cedar|Mandarin|Chamomile|Bergamot|Hawthorn|Lemon,Violet leaf|Nutmeg|Cedar|Sandalwood|Carnation|Honeysuckle|Jasmine|Lily of the valley,Leather|Vetiver|Musk|Amber|Patchouli|Tonka bean,,https://fimgs.net/mdimg/perfume-social-cards/en-p_c_228.jpeg,228.0
Kenzo Homme,Kenzo,EDP,Designer & Prestige,In Collection,,6.0,3.0,Moderate,Quentin Bisch,4.0,2022,https://www.fragrantica.com/perfume/Kenzo/Kenzo-Homme-Eau-de-Parfum-73225.html,verified,Summer,Day,Sea notes|Cardamom,Leather|Magnolia,Patchouli|Pepper,modern 2022 EDP; 1991 original was EDT,,https://fimgs.net/mdimg/perfume-social-cards/en-p_c_73225.jpeg,73225.0
Black Phantom,By Kilian,EDP,Niche & Artisan,In Collection,,9.0,4.0,Strong,Sidonie Lancesseur,4.5,2017,https://www.fragrantica.com/perfume/By-Kilian/Black-Phantom-43632.html,verified,Fall|Winter,Night,Rum,Dark chocolate|Coffee|Almond|Heliotrope,Caramel|Sugar cane|Sandalwood|Vanilla|Tonka|Vetiver,nose Sidonie Lancesseur; 2017. 2022 Anniversary Edition is separate (ID 77058).,https://fimgs.net/mdimg/perfume-social-cards/en-p_c_43632.jpeg,43632.0
L'Eau d'Issey Pour Homme,Issey Miyake,EDT,Designer & Prestige,In Collection,,5.0,2.0,Soft,Jacques Cavallier Belletrud,4.1,1994,https://www.fragrantica.com/perfume/Issey-Miyake/L-Eau-d-Issey-Pour-Homme-721.html,verified,Summer,Day,Lotus|Cucumber|Lemon,Clary sage|Cedar|Coriander,Amber|Musk|Vetiver,,https://fimgs.net/mdimg/perfume-social-cards/en-p_c_721.jpeg,721.0
Turath,The Spirit of Dubai,EDP,Niche & Artisan,In Collection,,12.0,5.0,Enormous,Unknown,4.3,2019,https://www.fragrantica.com/perfume/The-Spirit-of-Dubai/Turath-55003.html,verified,All,Flexible,Bergamot|Pink pepper|Orange,Jasmine|Saffron|Cedar,Oud|Leather|Amber|Musk,"Verified; DB pyramid is a simplified core of a ~60-note list, accord retained.",https://fimgs.net/mdimg/perfume-social-cards/en-p_c_55003.jpeg,55003.0
Glitch,Assaf,EDP,Niche & Artisan,In Collection,,8.0,4.0,Strong,Unknown,4.1,2026,https://www.fragrantica.com/perfume/Assaf/Glitch-121807.html,verified,All,Flexible,Raspberry|Grapefruit,Vetiver|Orange blossom,Ambroxan|Vanilla,Original fragrance from Assaf's Arrogate Collection; NOT a clone.,https://fimgs.net/mdimg/perfume-social-cards/en-p_c_121807.jpeg,121807.0
Atlas,Lattafa,EDP,Middle Eastern / Clone,In Collection,,10.0,4.5,Enormous,Unknown,4.2,2024,https://www.fragrantica.com/perfume/Lattafa-Perfumes/Atlas-89765.html,verified,Summer,Day,Sea notes|Salt|Lemon,Davana|Iris,Ambergris|Oakmoss|Sandalwood,,https://fimgs.net/mdimg/perfume-social-cards/en-p_c_89765.jpeg,89765.0
Qaed Al Fursan,Lattafa,EDP,Middle Eastern / Clone,In Collection,,7.0,3.0,Moderate,Unknown,4.1,2016,https://www.fragrantica.com/perfume/Lattafa-Perfumes/Qaed-Al-Fursan-67996.html,verified,Spring|Summer,Day,Pineapple|Saffron,Balsam fir|Jasmine,Cedar|Amber|Agarwood (Oud),,https://fimgs.net/mdimg/perfume-social-cards/en-p_c_67996.jpeg,67996.0
Green Sapphire,Fragrance World,EDP,Niche-ish clone,In Collection,,8.0,3.5,Strong,Unknown,4.0,2021,https://www.fragrantica.com/perfume/Fragrance-World/Green-Sapphire-109253.html,verified,Fall|Winter,Night,Saffron|Violet leaves|Raspberry,Cypriol|Pine needles|Cashmeran,Cedarwood|Moss|Sandalwood|Amber|Musk|Vanilla,"Corrected: it's an Oriental-Woody (resinous pine/forest), NOT pineapple/ginger. Reviews: 'save for cooler weather'.",https://fimgs.net/mdimg/perfume-social-cards/en-p_c_109253.jpeg,109253.0
Supremacy Incense,Afnan,EDP,Middle Eastern / Clone,In Collection,,9.0,4.0,Strong,Unknown,4.3,2020,https://www.fragrantica.com/perfume/Afnan/Supremacy-Incense-64372.html,verified,Fall|Winter,Night,Oregano|Spices|Herbal notes|Bergamot,Opoponax|Amber|Labdanum,Smoke|Agarwood (Oud)|Leather|Patchouli,"Corrected: Amouage Interlude clone — herbal oregano/opoponax/smoke, not frankincense/myrrh. Heavy cool-weather only.",https://fimgs.net/mdimg/perfume-social-cards/en-p_c_64372.jpeg,64372.0
Supremacy Not Only Intense,Afnan,EDP,Middle Eastern / Clone,In Collection,,10.0,4.5,Strong,Unknown,4.4,2021,https://www.fragrantica.com/perfume/Afnan/Supremacy-Not-Only-Intense-68271.html,verified,All,Flexible,Black currant|Bergamot|Apple,Oakmoss|Patchouli|Lavender,Ambergris|Musk|Saffron,"Corrected: Aventus/Hacivat hybrid — blackcurrant + heavy oakmoss, NOT pineapple/jasmine/birch.",https://fimgs.net/mdimg/perfume-social-cards/en-p_c_68271.jpeg,68271.0
Ramz Lattafa Silver,Lattafa,EDP,Middle Eastern / Clone,In Collection,,8.0,4.0,Strong,Unknown,4.2,2021,https://www.fragrantica.com/perfume/Lattafa-Perfumes/Ramz-Lattafa-Silver-71868.html,verified,Fall|Winter,Night,Pear|Lavender|Mint|Bergamot,Cardamom|Sage,Vanilla|Amber|Musk|Patchouli,"JPG Ultra Male clone; DB note set refined (mint over pear-bergamot; base has amber/musk/patchouli, not tonka/ambroxan-only).",https://fimgs.net/mdimg/perfume-social-cards/en-p_c_71868.jpeg,71868.0
Odyssey Homme,Armaf,EDP,Middle Eastern / Clone,In Collection,,7.0,3.5,Moderate,Unknown,4.1,2020,https://www.fragrantica.com/perfume/Armaf/Odyssey-Homme-64464.html,verified,Spring|Fall,Flexible,Cardamom|Neroli|Mandarin,Orange blossom|Rose,Vanilla|Woody notes|Sandalwood|Amber,Disambiguated to Odyssey Homme (64464).,https://fimgs.net/mdimg/perfume-social-cards/en-p_c_64464.jpeg,64464.0
Asad,Lattafa,EDP,Middle Eastern / Clone,In Collection,,8.5,4.0,Strong,Unknown,4.3,2021,https://www.fragrantica.com/perfume/Lattafa-Perfumes/Asad-72821.html,verified,Fall|Winter,Night,Black pepper|Tobacco|Pineapple,Patchouli|Coffee|Iris,Vanilla|Amber|Dry wood|Benzoin|Labdanum,,https://fimgs.net/mdimg/perfume-social-cards/en-p_c_72821.jpeg,72821.0
Glacier Le Noir,Maison Alhambra,EDP,Middle Eastern / Clone,In Collection,,7.0,3.0,Moderate,Unknown,4.0,2024,https://www.fragrantica.com/perfume/Maison-Alhambra/Glacier-Le-Noir-93646.html,verified,Fall|Winter,Night,Cardamom,Vanilla|Lavender,Iris,"LMLP clone; Fragrantica lists a flat 4-note set (Cardamom, Vanilla, Lavender, Iris).",https://fimgs.net/mdimg/perfume-social-cards/en-p_c_93646.jpeg,93646.0
Ateeq,Nusuk,Extrait,Middle Eastern / Clone,In Collection,,8.0,3.5,Moderate,Unknown,4.1,2025,https://www.fragrantica.com/perfume/Nusuk/Ateeq-115754.html,verified,Fall|Winter,Night,Honey|Cinnamon|Amber|Grapefruit|Lime,Tobacco|Lavender|Jasmine,Tonka|Cedarwood|Coumarin|Musk|Vanilla orchid,"Corrected: Xerjoff Naxos clone (honey-tobacco). NO oud — DB base had oud, actual is tonka/cedar/coumarin/musk/vanilla. Extrait de Parfum.",https://fimgs.net/mdimg/perfume-social-cards/en-p_c_115754.jpeg,115754.0
Teriaq Intense,Lattafa,EDP,Middle Eastern / Clone,In Collection,,9.0,4.0,Strong,Quentin Bisch,4.4,2024,https://www.fragrantica.com/perfume/Lattafa-Perfumes/Teriaq-Intense-99586.html,verified,Fall|Winter,Night,Saffron|Bergamot,Plum liquor|Cinnamon,Amber|Tonka bean|Benzoin,"Corrected: boozy plum (Khamrah/Angel Share family), NOT rum/tobacco/cacao/oud.",https://fimgs.net/mdimg/perfume-social-cards/en-p_c_99586.jpeg,99586.0
Jean Lowe Immortal,Maison Alhambra,EDP,Middle Eastern / Clone,In Collection,,7.5,3.5,Moderate,Unknown,4.4,2023,https://www.fragrantica.com/perfume/Maison-Alhambra/Jean-Lowe-Immortal-83666.html,verified,Spring|Summer,Day,Ginger|Grapefruit|Bergamot,Rosemary|Water notes|Sage|Geranium,Ambroxan|Amber|Labdanum,"Corrected: LV L'Immensité clone — ginger/grapefruit/rosemary/ambroxan, NOT pink pepper/saffron/oud/leather/osmanthus.",https://fimgs.net/mdimg/perfume-social-cards/en-p_c_83666.jpeg,83666.0
Aquatica,Rayhaan,EDP,Middle Eastern / Clone,In Collection,,6.0,3.0,Moderate,Unknown,4.0,2023,https://www.fragrantica.com/perfume/Rayhaan/Aquatica-120605.html,verified,Spring|Summer,Day,Watermelon|Sea salt|Cucumber,Jasmine|Water lily|Lotus,White musk|Coconut|Moss,URL verified (120605); fresh aquatic — reframed to Spring+Summer (was Summer only).,https://fimgs.net/mdimg/perfume-social-cards/en-p_c_120605.jpeg,120605.0
Nitro Blue,Dumont,EDP,Middle Eastern / Clone,In Collection,,8.0,4.0,Strong,Unknown,4.2,2020,https://www.fragrantica.com/perfume/Dumont/Nitro-Blue-73021.html,verified,Spring|Summer,Day,Pineapple|Bergamot|Citron,Jasmine|Lavender|Mint,Agarwood|Musk|Suede,,https://fimgs.net/mdimg/perfume-social-cards/en-p_c_73021.jpeg,73021.0
Marwa,Arabiyat Prestige,EDP,Middle Eastern / Clone,In Collection,,7.5,3.0,Moderate,Unknown,4.1,2025,https://www.fragrantica.com/perfume/Arabiyat-Prestige/Marwa-107084.html,verified,Spring|Summer,Day,Bergamot|Lemon|Orange,Ginger|Cinnamon|Neroli,Tea|Ambroxan|Guaiac wood,"Corrected: LV Imagination-inspired citrus-tea, NOT tropical coconut.",https://fimgs.net/mdimg/perfume-social-cards/en-p_c_107084.jpeg,107084.0
Hawas for Him,Rasasi,EDP,Middle Eastern / Clone,In Collection,,10.0,4.5,Strong,Unknown,4.3,2015,https://www.fragrantica.com/perfume/Rasasi/Hawas-for-Him-46890.html,verified,Spring|Summer,Day,Apple|Bergamot|Lemon|Cinnamon,Watery notes|Plum|Orange blossom|Cardamom,Ambergris|Musk|Patchouli|Driftwood,"Corrected: fruity aquatic (apple/plum/watery), NOT grapefruit/mint/jasmine/oud.",https://fimgs.net/mdimg/perfume-social-cards/en-p_c_46890.jpeg,46890.0
Hawas Ice,Rasasi,EDP,Middle Eastern / Clone,In Collection,,9.0,4.0,Strong,Unknown,4.4,2023,https://www.fragrantica.com/perfume/Rasasi/Hawas-Ice-89050.html,verified,Spring|Summer,Day,Apple|Italian lemon|Sicilian bergamot|Star anise,Plum|Orange blossom|Cardamom,Musk|Amber|Driftwood|Moss,"Corrected: shares Hawas aquatic-fruity DNA (apple/plum/star anise), NOT mint/lavender/sage.",https://fimgs.net/mdimg/perfume-social-cards/en-p_c_89050.jpeg,89050.0
Rare Reef,Afnan,EDP,Middle Eastern / Clone,In Collection,,7.0,3.5,Moderate,Unknown,4.1,2025,https://www.fragrantica.com/perfume/Afnan/Rare-Reef-106835.html,verified,Summer,Day,Orange|Mint|Citron|Grapefruit|Blackcurrant|Coriander,Apricot|Basil|Violet leaf|Rose,Fig|Ambrette|Amberwood|Dates,FULLY CORRECTED — DB pyramid was fabricated (sea salt/coral/cucumber etc.). Actual is an LV Pacific Chill-style fruity-mint (orange/apricot/fig). Nose Lucas Sieuzac.,https://fimgs.net/mdimg/perfume-social-cards/en-p_c_106835.jpeg,106835.0
Shaghaf Oud Azraq,Swiss Arabian,EDP,Middle Eastern / Clone,In Collection,,12.0,5.0,Enormous,Unknown,4.4,2022,https://www.fragrantica.com/perfume/Swiss-Arabian/Shaghaf-Oud-Azraq-82383.html,verified,Winter,Night,Honey|Agarwood,Cinnamon|Bourbon vanilla|Amber,Patchouli|Leather,"Corrected: Montale Honey Aoud / Oajan-style honey-oud, NOT saffron/rose. Cold-weather only.",https://fimgs.net/mdimg/perfume-social-cards/en-p_c_82383.jpeg,82383.0
Vintage Radio,Lattafa,EDP,Middle Eastern / Clone,In Collection,,9.0,4.0,Strong,Unknown,4.6,2023,https://www.fragrantica.com/perfume/Lattafa-Perfumes/Vintage-Radio-89454.html,verified,Fall|Winter,Night,Lavender|Sage|Bergamot,Plum|Palo santo|Black pepper,Sandalwood|Oud,,https://fimgs.net/mdimg/perfume-social-cards/en-p_c_89454.jpeg,89454.0
La Collection d'Antiquités 1910,Lattafa,EDP,Middle Eastern / Clone,In Collection,,8.5,3.5,Moderate,Unknown,4.3,2023,https://www.fragrantica.com/perfume/Lattafa-Perfumes/La-Collection-D-antiquites-1910-92036.html,verified,Fall|Winter,Night,Apple|Davana|Rose,Cedar|Osmanthus,Vanilla|Tonka bean|Patchouli,"Corrected: 1 Million Elixir gourmand (apple/davana/rose · cedar/osmanthus · vanilla/tonka/patchouli), NOT rum/honey/saffron.",https://fimgs.net/mdimg/perfume-social-cards/en-p_c_92036.jpeg,92036.0
Shaheen Silver,Lattafa,EDP,Middle Eastern / Clone,In Collection,,8.0,4.0,Strong,Unknown,4.2,2022,https://www.fragrantica.com/perfume/Lattafa-Perfumes/Shaheen-Silver-82815.html,verified,Spring|Summer,Day,Bergamot|Cassis,Patchouli|Rose,Oakmoss|Musk|Amber,"Corrected: earthy-mossy Aventus interpretation — cassis/patchouli/rose/oakmoss, NOT pineapple/vanilla/agarwood.",https://fimgs.net/mdimg/perfume-social-cards/en-p_c_82815.jpeg,82815.0
La African Drummer,Lattafa,EDP,Middle Eastern / Clone,In Collection,,8.5,4.0,Strong,Unknown,4.1,2024,https://www.fragrantica.com/perfume/Lattafa-Perfumes/La-African-Drummer-92182.html,verified,All,Flexible,Coconut|Bergamot,Ylang-ylang|Jasmine|Orange blossom,Musk|Ambroxan|Vanilla,,https://fimgs.net/mdimg/perfume-social-cards/en-p_c_92182.jpeg,92182.0
Ishq Al Shuyukh Silver,Lattafa,EDP,Middle Eastern / Clone,In Collection,,9.0,4.5,Strong,Unknown,4.3,2022,https://www.fragrantica.com/perfume/Lattafa-Perfumes/Ishq-Al-Shuyukh-Silver-81099.html,verified,Spring|Summer,Day,Lemon|Bergamot,Pineapple|Black pepper,Vanilla|Amberwood|Cedar|Patchouli,Corrected: citrus-lemon + pineapple/pepper + vanilla/amberwood. 1 Million Lucky-ish freshie — SEASON corrected from Fall/Winter/Night to warm-weather/day.,https://fimgs.net/mdimg/perfume-social-cards/en-p_c_81099.jpeg,81099.0
Assaf Attacks,Assaf,EDP,Niche & Artisan,In Collection,,10.0,5.0,Enormous,Unknown,4.3,2026,https://www.fragrantica.com/perfume/Assaf/Attacks-123710.html,verified,Fall|Winter,Night,Basil|Haitian vetiver|Timur pepper|Freesia,Akigalawood|Georgywood|Petalia,Indonesian patchouli|Ambrofix,Arrogate Collection; verified.,https://fimgs.net/mdimg/perfume-social-cards/en-p_c_123710.jpeg,123710.0
Strike Black,Assaf,EDP,Niche & Artisan,In Collection,,8.0,4.0,Strong,Jean Christophe Hérault,4.2,2026,https://www.fragrantica.com/perfume/Assaf/Strike-Black-136431.html,verified,Spring|Fall,Flexible,Blackcurrant|Bergamot|Grapefruit,Pineapple|Cardamom|Cinnamon|Citron,Pink pepper|Patchouli|Vetiver,,https://fimgs.net/mdimg/perfume-social-cards/en-p_c_136431.jpeg,136431.0
Black Elixir,Assaf,EDP,Niche & Artisan,In Collection,,8.0,3.0,Moderate,Unknown,4.2,2026,https://www.fragrantica.com/perfume/Assaf/Black-Elixir-132741.html,verified,Spring|Fall,Flexible,Lemon|Iris,Vetiver|Violet|Basil,Cedarwood|Vanilla|Amber|Musk,,https://fimgs.net/mdimg/perfume-social-cards/en-p_c_132741.jpeg,132741.0
Oud Bakhur,Assaf,EDP,Niche & Artisan,In Collection,,12.0,5.0,Enormous,Maxime Exler,4.4,2026,https://www.fragrantica.com/perfume/Assaf/Oud-Bakhur-132742.html,verified,Fall|Winter,Night,Incense|Aromatic notes|Spices,Precious woods|Agarwood|Amber,Balsamic notes|Smoke|Resins,,https://fimgs.net/mdimg/perfume-social-cards/en-p_c_132742.jpeg,132742.0
By the Fireplace,Maison Margiela,EDP,Designer & Prestige,In Collection,,7.0,3.0,Moderate,Marie Salamagne,4.1,2015,https://www.fragrantica.com/perfume/Maison-Martin-Margiela/By-the-Fireplace-31623.html,verified,Fall|Winter,Night,Pink Pepper|Orange Blossom|Cloves,Chestnut|Guaiac Wood|Juniper,Vanilla|Peru Balsam|Cashmeran,,https://fimgs.net/mdimg/perfume-social-cards/en-p_c_31623.jpeg,31623.0
Arabians Tonka,Montale,EDP,Niche & Artisan,In Collection,,12.0,5.0,Enormous,Pierre Montale,4.2,2019,https://www.fragrantica.com/perfume/Montale/Arabians-Tonka-57384.html,verified,Fall|Winter,Night,Saffron|Bergamot,Agarwood (Oud)|Bulgarian Rose,Tonka Bean|Sugar Cane|Amber|White Musk|Oakmoss,,https://fimgs.net/mdimg/perfume-social-cards/en-p_c_57384.jpeg,57384.0
The Most Wanted Parfum,Azzaro,Parfum,Designer & Prestige,In Collection,,10.0,4.0,Strong,"Michel Girard, Nadège Le Garlantezec, Shyamala Maisondieu, Roxanne Kirkpatrick",4.6,2022,https://www.fragrantica.com/perfume/Azzaro/The-Most-Wanted-Parfum-73664.html,verified,Fall|Winter,Flexible,Ginger,Woodsy notes,Bourbon vanilla,"REPAIR: old URL/ID 19252 resolved to L'Arc Aventure Jasmin de Karnak (unrelated) — correct ID is 73664. Rating 4.0 -> 4.6 (10,626 votes). Year 2022 + 4 named perfumers added. Previous row also had a column shift (launch_year/scraped_url fields misaligned). Fragrantica pyramid is a flat 3-note set.",https://fimgs.net/mdimg/perfume-social-cards/en-p_c_73664.jpeg,73664.0
Moustache EDP,Rochas,EDP,Designer & Prestige,In Collection,,7.0,3.0,Moderate,Natalie Gracia-Cetto,4.4,2018,https://www.fragrantica.com/perfume/Rochas/Moustache-Eau-de-Parfum-52350.html,verified,Fall|Winter,Night,Pink Pepper|Mandarin Orange,Atlas Cedar|Bulgarian Rose,Benzoin|Vanilla|Patchouli,"Verified: 2018 launch + nose Natalie Gracia-Cetto confirmed on page. Oriental Woody; community 4.35 (6,147 votes). NOT the 1949 Roudnitska Moustache — entirely different formula, recycled name. Widely cited as the budget alternative to YSL Tuxedo. Performance is the one contested point: reports range from 1-2h to 8-12h; 7.0 is a mid estimate.",https://fimgs.net/mdimg/perfume-social-cards/en-p_c_52350.jpeg,52350.0
Nightmare,Scentaria,Oil,Niche & Artisan,In Collection,Blackberry|Palo Santo|Amber Incense|Cedar|Vanilla Musk,5.0,2.0,Soft,Unknown (Scentaria in-house artisan),,,https://www.etsy.com/shop/scentariaperfumery?search_query=nightmare,partial,Fall|Winter,Night,Blackberry,Palo Santo|Amber Incense,Cedar|Vanilla Musk,"Etsy artisan Scentaria Perfumery (Washington US; ~1.9k sales, shop rating 4.9/663). NOT on Fragrantica — no ID, no social card. Listing gives a FLAT 5-note list (Blackberry, Palo Santo, Amber Incense, Cedar, Vanilla Musk); the top/heart/base split here is INFERRED from the listing's own scent-story ('blackberry ... gives way to aromatic palo santo and warm amber incense ... dry cedar emerges alongside creamy vanilla musk'). Sold as 10 mL glass spray (~100-140 sprays), coconut-oil or hydrating base; coconut base may stain fabric. Longevity/sillage are estimates for an oil mist — UNVERIFIED. Exact listing URL unresolved (Etsy blocks scraping); shop search URL used.",,
Opium for Women EDP,Yves Saint Laurent,EDP,Designer & Prestige,In Collection,,8.0,4.0,Strong,Antoine Maisondieu,3.9,2009,https://www.fragrantica.com/perfume/Yves-Saint-Laurent/Opium-Eau-de-Parfum-2009-7399.html,verified,Fall|Winter,Night,Mandarin Orange|Bergamot|Lily-of-the-Valley,Myrrh|Jasmine,Opoponax|Amber|Patchouli|Vanilla,"Modern EDP (2009 reformulation, ID 7399). Distinct from the 1977 original EDT (ID 93) and Opium Parfum (ID 33772). Reformulated by Antoine Maisondieu.",https://fimgs.net/mdimg/perfume-social-cards/en-p_c_7399.jpeg,7399
Babycat,Yves Saint Laurent,EDP,Designer & Prestige,In Collection,,9.0,4.5,Enormous,Dominique Ropion|Claire Liégent,4.2,2022,https://www.fragrantica.com/perfume/Yves-Saint-Laurent/Babycat-73149.html,verified,Fall|Winter,Night,Pink Pepper|Black Pepper|Elemi,Olibanum|Saffron,Bourbon Vanilla|Suede|Cedar,Le Vestiaire des Parfums exclusive line; unisex. Fragrantica 4.23 (4,858 votes).,https://fimgs.net/mdimg/perfume-social-cards/en-p_c_73149.jpeg,73149
Lavalliere,Yves Saint Laurent,EDP,Designer & Prestige,In Collection,,7.0,3.0,Moderate,Annick Menardo,4.2,2022,https://www.fragrantica.com/perfume/Yves-Saint-Laurent/Lavalliere-76844.html,verified,Spring|Summer,Day,Blackcurrant|Fig|Bergamot,Geranium|Rose|Jasmine,Vetiver|Cashmeran|Musk,Le Vestiaire des Parfums unisex; fig-rose floral green. Perfumer Annick Menardo (per YSL Beauty). Fragrantica 4.20 (716 votes).,https://fimgs.net/mdimg/perfume-social-cards/en-p_c_76844.jpeg,76844
Peregrina,Thameen,Extrait,Niche & Artisan,In Collection,,8.0,4.0,Strong,Unknown (house),4.1,2019,https://www.fragrantica.com/perfume/Thameen/Peregrina-59756.html,verified,Fall|Winter,Night,Damask Rose|Gardenia|Jasmine|Lily-of-the-Valley,Caramel|Amber|Vanilla|Myrrh|Ylang-Ylang,Amber|White Musk|Powdery Notes,"Treasure Collection extrait; inspired by the La Peregrina pearl. A separate ""Peregrina Limited Edition"" (2022, ID 71612) also exists.",https://fimgs.net/mdimg/perfume-social-cards/en-p_c_59756.jpeg,59756
Black Afgano,Nasomatto,Extrait,Niche & Artisan,In Collection,,12.0,5.0,Enormous,Alessandro Gualtieri,4.1,2009,https://www.fragrantica.com/perfume/Nasomatto/Black-Afgano-6472.html,verified,Fall|Winter,Night,Cannabis|Green Notes|Davana|Saffron|Thyme,Resins|Woodsy Notes|Tobacco|Coffee|Raspberry|Cinnamon|Violet,Agarwood (Oud)|Incense|Amber|Animal Notes|Guaiac Wood|Musk|Cedar|Tonka|Gurjan Balsam|Ambroxan|Vanilla,House corrected to Nasomatto. Unisex extrait inspired by high-grade hashish; Fragrantica 4.05 (13,045 votes).,https://fimgs.net/mdimg/perfume-social-cards/en-p_c_6472.jpeg,6472