wear_id,date,name,maker,occasion,sprays,temp_f,weather,rating_today,longevity_obs_h,sillage_obs,would_rewear,notes,ts
2026-08-30-shaheen-silver-lattafa,2026-08-30,Shaheen Silver,Lattafa,,,,,,,,,,1788099790615
2026-09-02-strike-black-assaf,2026-09-02,Strike Black,Assaf,,,,,,,,,,1788365405756
2026-09-03-encre-noire-lalique,2026-09-03,Encre Noire,Lalique,,,,,,,,,,1788462423739
2026-09-09-le-sel-d-issey-edp-issey-miyake,2026-09-09,Le Sel d'Issey EDP,Issey Miyake,,,,,,,,,,1788979981735
2026-09-10-l-air-du-d-sert-marocain-tauer-perfumes,2026-09-10,L'Air du Désert Marocain,Tauer Perfumes,,,,,,,,,,1789061762875
2026-09-11-supremacy-not-only-intense-afnan,2026-09-11,Supremacy Not Only Intense,Afnan,,,,,,,,,,1789172335035
2026-09-16-torino-21-xerjoff,2026-09-16,Torino 21,Xerjoff,,,,,,,,,,1789576341280
2026-09-20-l-eau-d-issey-pour-homme-issey-miyake,2026-09-20,L'Eau d'Issey Pour Homme,Issey Miyake,,,,,,,,,,1789922286749
2026-10-04-le-sel-d-issey-edp-issey-miyake,2026-10-04,Le Sel d'Issey EDP,Issey Miyake,,,,,,,,,,1791170200733
2026-10-07-moustache-edp-rochas,2026-10-07,Moustache EDP,Rochas,home and work,4,50,Overcast,4.5,5,3,,"Lovely open, settles into a very nice soft dry down.  Mostly a test of the logging.",1791381666921
